{
	"parent": "item/generated",
	"textures": {
		"layer0": "item/book"
	},
	
	"overrides": [
		{
			"predicate": {
				"custom_model_data": 1
			}, 
			"model": "item/spells/empty_tome"
		},
		{
			"predicate": {
				"custom_model_data": 2
			}, 
			"model": "item/spells/urchin_spikes"
		},
		{
			"predicate": {
				"custom_model_data": 3
			}, 
			"model": "item/spells/thunderbolt"
		},
		{
			"predicate": {
				"custom_model_data": 4
			}, 
			"model": "item/spells/icicle_razor"
		},
		{
			"predicate": {
				"custom_model_data": 5
			}, 
			"model": "item/spells/gravity_well"
		},
		{
			"predicate": {
				"custom_model_data": 6
			}, 
			"model": "item/spells/earthmover"
		},
		{
			"predicate": {
				"custom_model_data": 7
			}, 
			"model": "item/spells/soul_sprite"
		},
		{
			"predicate": {
				"custom_model_data": 8
			}, 
			"model": "item/spells/astral_blade"
		},
		{
			"predicate": {
				"custom_model_data": 9
			}, 
			"model": "item/spells/solar_flare"
		},
		{
			"predicate": {
				"custom_model_data": 10
			}, 
			"model": "item/spells/nethers_lament"
		}
	]
}