{
	"parent": "item/handheld",
	"textures": {
		"layer0": "item/diamond_sword"
	},
	
	"overrides": [
		{
			"predicate": {
				"custom_model_data": 1
			}, 
			"model": "item/daggers/diamond_dagger"
		},
		{
			"predicate": {
				"custom_model_data": 2
			}, 
			"model": "item/fencing_swords/diamond_fencing_sword"
		},
		{
			"predicate": {
				"custom_model_data": 3
			}, 
			"model": "item/cutlasses/diamond_cutlass"
		},
		{
			"predicate": {
				"custom_model_data": 4
			}, 
			"model": "item/lances/diamond_lance"
		},
		{
			"predicate": {
				"custom_model_data": 5
			}, 
			"model": "item/spears/diamond_spear"
		},
		{
			"predicate": {
				"custom_model_data": 6
			}, 
			"model": "item/sabers/diamond_saber"
		},
		{
			"predicate": {
				"custom_model_data": 7
			}, 
			"model": "item/rapiers/diamond_rapier"
		},
		{
			"predicate": {
				"custom_model_data": 8
			}, 
			"model": "item/katanas/diamond_katana"
		}
	]
}