{
	"parent": "item/generated",
	"textures": {
		"layer0": "item/book"
	},
	"overrides": [
		{ "predicate": { "custom_model_data": 22 }, "model": "item/spells/tomeofflames" },
		{ "predicate": { "custom_model_data": 23 }, "model": "item/spells/tomeofexplosiveflames" },
		{ "predicate": { "custom_model_data": 33 }, "model": "item/spells/tomeoffrost" },
		{ "predicate": { "custom_model_data": 39 }, "model": "item/spells/tomeofemeraldchains" },
		{ "predicate": { "custom_model_data": 44 }, "model": "item/spells/tomeoflight" },
		{ "predicate": { "custom_model_data": 55 }, "model": "item/spells/tomeofnature" },
		{ "predicate": { "custom_model_data": 69 }, "model": "item/spells/tomeofshadows" },
		{ "predicate": { "custom_model_data": 77 }, "model": "item/spells/tomeofwind" },
		{ "predicate": { "custom_model_data": 88 }, "model": "item/spells/tomeofzephyr" },
		{ "predicate": { "custom_model_data": 92 }, "model": "item/spells/tomeofamethystpulse" },
		{ "predicate": { "custom_model_data": 99 }, "model": "item/spells/tomeofjadeharmony" },
		{ "predicate": { "custom_model_data": 100 }, "model": "item/spells/tomeofsapphirelightning" },
		{ "predicate": { "custom_model_data": 101 }, "model": "item/spells/tomeofrubyinferno" },
		{ "predicate": { "custom_model_data": 110 }, "model": "item/spells/tomeofresonance" },
		{ "predicate": { "custom_model_data": 111 }, "model": "item/spells/tomeoflife" },
		{ "predicate": { "custom_model_data": 121 }, "model": "item/spells/tomeofgravity" }
	]
}
