{
	"parent": "item/handheld",
	"textures": {
		"layer0": "item/golden_sword"
	},
	
	"overrides": [
		{
			"predicate": {
				"custom_model_data": 1
			}, 
			"model": "item/daggers/golden_dagger"
		},
		{
			"predicate": {
				"custom_model_data": 2
			}, 
			"model": "item/fencing_swords/golden_fencing_sword"
		},
		{
			"predicate": {
				"custom_model_data": 3
			}, 
			"model": "item/cutlasses/golden_cutlass"
		},
		{
			"predicate": {
				"custom_model_data": 4
			}, 
			"model": "item/lances/golden_lance"
		},
		{
			"predicate": {
				"custom_model_data": 5
			}, 
			"model": "item/spears/golden_spear"
		},
		{
			"predicate": {
				"custom_model_data": 6
			}, 
			"model": "item/sabers/golden_saber"
		},
		{
			"predicate": {
				"custom_model_data": 7
			}, 
			"model": "item/rapiers/golden_rapier"
		},
		{
			"predicate": {
				"custom_model_data": 8
			}, 
			"model": "item/katanas/golden_katana"
		}
	]
}