{
	"parent": "item/handheld",
	"textures": {
		"layer0": "item/iron_axe"
	},
	
	"overrides": [
		{
			"predicate": {
				"custom_model_data": 1
			}, 
			"model": "item/sickles/iron_sickle"
		},
		{
			"predicate": {
				"custom_model_data": 2
			}, 
			"model": "item/maces/iron_mace"
		},
		{
			"predicate": {
				"custom_model_data": 3
			}, 
			"model": "item/battleaxes/iron_battleaxe"
		},
		{
			"predicate": {
				"custom_model_data": 4
			}, 
			"model": "item/event_items/frost_sickle"
		},
		{
			"predicate": {
				"custom_model_data": 5
			}, 
			"model": "item/event_items/liquifier"
		},
		{
			"predicate": {
				"custom_model_data": 6
			}, 
			"model": "item/event_items/rupturer"
		}
	]
}