{
	"parent": "item/handheld",
	"textures": {
		"layer0": "item/iron_sword"
	},
	
	"overrides": [
		{
			"predicate": {
				"custom_model_data": 1
			}, 
			"model": "item/daggers/iron_dagger"
		},
		{
			"predicate": {
				"custom_model_data": 2
			}, 
			"model": "item/fencing_swords/iron_fencing_sword"
		},
		{
			"predicate": {
				"custom_model_data": 3
			}, 
			"model": "item/cutlasses/iron_cutlass"
		},
		{
			"predicate": {
				"custom_model_data": 4
			}, 
			"model": "item/lances/iron_lance"
		},
		{
			"predicate": {
				"custom_model_data": 5
			}, 
			"model": "item/spears/iron_spear"
		},
		{
			"predicate": {
				"custom_model_data": 6
			}, 
			"model": "item/sabers/iron_saber"
		},
		{
			"predicate": {
				"custom_model_data": 7
			}, 
			"model": "item/rapiers/iron_rapier"
		},
		{
			"predicate": {
				"custom_model_data": 8
			}, 
			"model": "item/katanas/iron_katana"
		},
		{
			"predicate": {
				"custom_model_data": 9
			}, 
			"model": "item/crate_items/ethereal_sword"
		}
	]
}