{
	"parent": "item/handheld_rod",
	"textures": {
		"layer0": "item/fishing_rod"
	},
	
	"overrides": [
				{
			"predicate": {
				"custom_model_data": 1
			}, 
			"model": "item/flails/wooden_flail"
		},
		{
			"predicate": {
				"custom_model_data": 2
			}, 
			"model": "item/flails/stone_flail"
		},
		{
			"predicate": {
				"custom_model_data": 3
			}, 
			"model": "item/flails/iron_flail"
		},
        {
			"predicate": {
				"custom_model_data": 4
			}, 
			"model": "item/flails/golden_flail"
		},
        {
			"predicate": {
				"custom_model_data": 5
			}, 
			"model": "item/flails/diamond_flail"
		},
        {
			"predicate": {
				"custom_model_data": 6
			}, 
			"model": "item/flails/netherite_flail"
		},
		{
			"predicate": {
				"cast": 1
			},
			"model": "item/flails/fishing_rod_cast"
		},
		{
			"predicate": {
				"custom_model_data": 1,
				"cast": 1
			},
			"model": "item/flails/flail_cast"
		}
	]
}