{
	"parent": "item/generated",
	"textures": {
		"layer0": "item/prismarine_crystals"
	},
	
	"overrides": [
		{
			"predicate": {
				"custom_model_data": 1
			}, 
			"model": "item/crate_items/ghost_mine"
		},
		{
			"predicate": {
				"custom_model_data": 2
			}, 
			"model": "item/flux/stormflux"
		},
		{
			"predicate": {
				"custom_model_data": 3
			}, 
			"model": "item/flux/hellflux"
		},
		{
			"predicate": {
				"custom_model_data": 4
			}, 
			"model": "item/flux/starflux"
		},
		{
			"predicate": {
				"custom_model_data": 5
			}, 
			"model": "item/flux/sunflux"
		},
		{
			"predicate": {
				"custom_model_data": 6
			}, 
			"model": "item/flux/soulflux"
		},
		{
			"predicate": {
				"custom_model_data": 7
			}, 
			"model": "item/flux/depthflux"
		},
		{
			"predicate": {
				"custom_model_data": 8
			}, 
			"model": "item/flux/snowflux"
		},
		{
			"predicate": {
				"custom_model_data": 9
			}, 
			"model": "item/flux/endflux"
		},
		{
			"predicate": {
				"custom_model_data": 10
			}, 
			"model": "item/flux/seaflux"
		}
	]
}