{
	"parent": "item/generated",
	"textures": {
		"layer0": "item/stick"
	},
	
	"overrides": [
		{
			"predicate": {
				"custom_model_data": 1
			}, 
			"model": "item/environmental_items/oak_bark"
		},
		{
			"predicate": {
				"custom_model_data": 2
			}, 
			"model": "item/environmental_items/birch_bark"
		},
		{
			"predicate": {
				"custom_model_data": 3
			}, 
			"model": "item/environmental_items/spruce_bark"
		},
		{
			"predicate": {
				"custom_model_data": 4
			}, 
			"model": "item/environmental_items/dark_oak_bark"
		},
		{
			"predicate": {
				"custom_model_data": 5
			}, 
			"model": "item/environmental_items/acacia_bark"
		},
		{
			"predicate": {
				"custom_model_data": 6
			}, 
			"model": "item/environmental_items/jungle_bark"
		},
		{
			"predicate": {
				"custom_model_data": 7
			}, 
			"model": "item/environmental_items/warped_bark"
		},
		{
			"predicate": {
				"custom_model_data": 8
			}, 
			"model": "item/environmental_items/crimson_bark"
		}
	]
}