{
	"parent": "item/handheld",
	"textures": {
		"layer0": "item/stone_sword"
	},
	
	"overrides": [
		{
			"predicate": {
				"custom_model_data": 1
			}, 
			"model": "item/daggers/stone_dagger"
		},
		{
			"predicate": {
				"custom_model_data": 2
			}, 
			"model": "item/fencing_swords/stone_fencing_sword"
		},
		{
			"predicate": {
				"custom_model_data": 3
			}, 
			"model": "item/cutlasses/stone_cutlass"
		},
		{
			"predicate": {
				"custom_model_data": 4
			}, 
			"model": "item/lances/stone_lance"
		},
		{
			"predicate": {
				"custom_model_data": 5
			}, 
			"model": "item/spears/stone_spear"
		},
		{
			"predicate": {
				"custom_model_data": 6
			}, 
			"model": "item/sabers/stone_saber"
		},
		{
			"predicate": {
				"custom_model_data": 7
			}, 
			"model": "item/rapiers/stone_rapier"
		},
		{
			"predicate": {
				"custom_model_data": 8
			}, 
			"model": "item/katanas/stone_katana"
		}
	]
}