{
	"parent": "item/handheld",
	"textures": {
		"layer0": "item/wooden_sword"
	},
	
	"overrides": [
		{
			"predicate": {
				"custom_model_data": 1
			}, 
			"model": "item/daggers/wooden_dagger"
		},
		{
			"predicate": {
				"custom_model_data": 2
			}, 
			"model": "item/fencing_swords/wooden_fencing_sword"
		},
		{
			"predicate": {
				"custom_model_data": 3
			}, 
			"model": "item/cutlasses/wooden_cutlass"
		},
		{
			"predicate": {
				"custom_model_data": 4
			}, 
			"model": "item/lances/wooden_lance"
		},
		{
			"predicate": {
				"custom_model_data": 5
			}, 
			"model": "item/spears/wooden_spear"
		},
		{
			"predicate": {
				"custom_model_data": 6
			}, 
			"model": "item/sabers/wooden_saber"
		},
		{
			"predicate": {
				"custom_model_data": 7
			}, 
			"model": "item/rapiers/wooden_rapier"
		},
		{
			"predicate": {
				"custom_model_data": 8
			}, 
			"model": "item/katanas/wooden_katana"
		}
	]
}